ID,E(S1),E(T1),dST
CIKSEU,1.0527,1.228361051,-0.175661051
MPCAZU,0.8888,0.901075842,-0.012275842
SUVTIP,3.3221,3.321832626,0.000267374
IZOCOR01,1.5192,1.517253685,0.001946315
ULEROT,2.0881,2.08537346,0.00272654
YELLIK,0.8389,0.835852818,0.003047182
YOPKOD,1.4682,1.463892114,0.004307886
JUQMIU,1.259,1.254554752,0.004445248
PAVCOH,1.4797,1.474749465,0.004950535
ZOHGAG,1.419,1.413496586,0.005503414
FAZWAF,1.8866,1.879519159,0.007080841
YUJKUJ01,2.3354,2.326839331,0.008560669
FIBVOC,1.6137,1.604983264,0.008716736
KEXJED,2.0823,2.073430373,0.008869627
XITPAU,2.0841,2.07416236,0.00993764
MOGGUN,1.6727,1.662236066,0.010463934
YOJPET,1.6922,1.681311263,0.010888737
UGEMUO,3.1324,3.121401558,0.010998442
TEGVAF,1.9585,1.946921816,0.011578184
SIHPUW,0.6617,0.648722687,0.012977313
TAQRAH,0.6415,0.627957661,0.013542339
OVONEU,2.1017,2.087642891,0.014057109
QAMXUY01,1.4159,1.40146098,0.01443902
IZODAE,2.2841,2.269186521,0.014913479
MOGGIB,1.7648,1.748469018,0.016330982
VETFEI,0.9753,0.956998006,0.018301994
JISXUF,0.9661,0.947591023,0.018508977
LISFUR,2.1337,2.114625723,0.019074277
OHENIB,2.3412,2.321133098,0.020066902
LISFIF,2.1951,2.173293519,0.021806481
MOGGOH,1.7055,1.682889525,0.022610475
CAFMAX,1.3402,1.317437595,0.022762405
OLOYIY,1.8071,1.78406154,0.02303846
XIPQUI,1.8036,1.780279154,0.023320846
UTETIX,3.2362,3.212633246,0.023566754
HUVDUY,1.4827,1.457404914,0.025295086
MAZNUY,1.423,1.396516668,0.026483332
NODHUJ,0.5757,0.54850035,0.02719965
ALARIP,2.552,2.524375104,0.027624896
PATXEQ,0.6794,0.651680567,0.027719433
SEBPAT,2.5925,2.564702411,0.027797589
RUTQEF,2.21,2.181277346,0.028722654
ACEFUM,1.9293,1.90041752,0.02888248
BUWVEU,1.4755,1.446182929,0.029317071
FALPAJ,0.4875,0.45785915,0.02964085
DABBER,1.9124,1.880988575,0.031411425
UNOFOS,2.3979,2.366358458,0.031541542
HXNIPA10,2.4386,2.406797332,0.031802668
IHAZEX,2.0097,1.977888398,0.031811602
NAPINO,2.8538,2.821599871,0.032200129
NIFFOY,1.6676,1.634534853,0.033065147
FIGREV,2.111,2.077373306,0.033626694
UNOFIM,2.4424,2.408236815,0.034163185
OBIPUN,1.7879,1.752754815,0.035145185
UXOJOH,1.6755,1.639759443,0.035740557
GOJZAG10,1.345,1.308596608,0.036403392
PITJIM,1.8921,1.8548112,0.0372888
ILOYUE,2.1342,2.095795429,0.038404571
KEVGIB,0.9647,0.924945689,0.039754311
VEFLIC,2.9111,2.870477002,0.040622998
DEPYIG,1.2564,1.215773054,0.040626946
VOFXAP,1.6057,1.564778409,0.040921591
GELKUG,1.8024,1.761301918,0.041098082
LURZAC,2.1515,2.110271898,0.041228102
FEDPAF,0.7781,0.73557878,0.04252122
GUCWEJ,2.9027,2.859946187,0.042753813
BAJVEP,0.8275,0.783933452,0.043566548
FAHWOC,1.5313,1.486477582,0.044822418
BEDGEZ,1.6729,1.626262585,0.046637415
PELTOS,2.1802,2.133374383,0.046825617
PEFDIQ,1.6268,1.579540597,0.047259403
EGIGAC,1.9932,1.945044229,0.048155771
BATVIB,1.4366,1.384815762,0.051784238
MEBNOX,2.3346,2.282745965,0.051854035
SEYSIY,1.9645,1.912363328,0.052136672
EVIFEU,1.7951,1.741829434,0.053270566
OBULEE,3.5438,3.488638557,0.055161443
REMKIG,1.1782,1.122171253,0.056028747
OHENEX,2.2699,2.209941843,0.059958157
SONFIN,1.676,1.614507257,0.061492743
YECPON,2.1849,2.121673478,0.063226522
LAPHEP,2.0315,1.965507208,0.065992792
TAZCAZ,1.8317,1.765666628,0.066033372
UKOXIB,1.5017,1.435320135,0.066379865
IPUVOG,1.7009,1.633800145,0.067099855
GODVUT,2.0551,1.986079032,0.069020968
VIVJUI,1.6513,1.582261738,0.069038262
JUCKEA,1.4668,1.394666292,0.072133708
ZOWJIE,1.037,0.963964127,0.073035873
PIVXUO,1.8206,1.747516619,0.073083381
ICIFUY,2.0608,1.98275924,0.07804076
KORYOI,0.8496,0.770855649,0.078744351
TBPMTK10,2.0711,1.992201599,0.078898401
QEHQIG,2.0015,1.918431472,0.083068528
RIXDEH,2.2664,2.183007992,0.083392008
IKUQEK,0.9018,0.816287816,0.085512184
BOKXOO,2.4823,2.39634543,0.08595457
OCELUD,1.1959,1.109436314,0.086463686
NEVQAG,1.2264,1.139537573,0.086862427
VEPZOI,2.9576,2.869796717,0.087803283
HIFJOY,2.2046,2.116040717,0.088559283
RUSXAH,1.8189,1.728686324,0.090213676
OHENAT,2.3866,2.296261872,0.090338129
WENSIT,1.0192,0.922983746,0.096216254
RUSWUA,2.2205,2.122435398,0.098064602
GAMMIR,1.2426,1.143287305,0.099312695
RUSXIP,2.3396,2.239281183,0.100318817
FIPMOG,1.6739,1.570805735,0.103094265
CIHVEU,1.5507,1.446857772,0.103842228
MORSOC,1.2132,1.109172363,0.104027637
XIJCIE,2.5224,2.417815231,0.104584769
ESEDEM,2.6343,2.529305811,0.104994189
MTXITZ,0.8536,0.748204873,0.105395127
BUCCEK,1.5938,1.487919787,0.105880213
OHENOH,2.011,1.904907402,0.106092598
AMBNZA04,0.8586,0.750550496,0.108049504
REWDAZ,2.0682,1.960037715,0.108162285
BAPPAK,2.0265,1.918254598,0.108245402
OCAKAG,3.0365,2.925950178,0.110549822
LISFOL,2.7038,2.591097477,0.112702523
SAKYIP,1.0483,0.934850641,0.113449359
KORZUP,1.4391,1.32563095,0.11346905
BENRAQ,1.9968,1.883002219,0.113797781
YODLIP,0.8776,0.763742587,0.113857413
WOGDUT,1.9636,1.849613821,0.113986179
MORTAP,2.3999,2.285703845,0.114196155
ZUQYAN,0.9233,0.808695833,0.114604167
TIRNAK,1.1559,1.040746557,0.115153443
ZZZAWV10,2.2288,2.110462378,0.118337622
WIDTIM,1.441,1.321358759,0.119641241
ROPVAW,1.9063,1.785639801,0.120660199
YUZHIL,2.3449,2.222660455,0.122239545
DOTTIP01,1.7116,1.587187003,0.124412997
HINKOH,0.9115,0.786981129,0.124518871
CABROO,2.0326,1.906839412,0.125760588
RUFZEY,1.5116,1.38438038,0.12721962
DASBAB,2.0458,1.918366165,0.127433835
WOYRIL,1.391,1.262024284,0.128975716
JIZKAG,2.3402,2.210929617,0.129270383
PAHPEV,2.8951,2.764597414,0.130502586
LUHDIC,1.9333,1.802211549,0.131088451
MUDGUQ,1.205,1.072673702,0.132326299
DATMAN,2.0479,1.915076305,0.132823695
CODHAH,1.8577,1.72357058,0.13412942
ROGLAB,1.5777,1.440163766,0.137536234
AMTPYD,2.1157,1.976745519,0.138954481
MOXBEJ,2.0094,1.870177482,0.139222518
DIXNEE,2.5643,2.424999043,0.139300957
WANCOD,0.9704,0.830573805,0.139826195
REXSIY,2.4429,2.302112324,0.140787676
PIZYAY,0.9841,0.843308744,0.140791256
OHPRDC,2.0048,1.86370661,0.14109339
SALPOM,0.7492,0.607358626,0.141841374
NIFCEL,2.4547,2.312724773,0.141975227
DENDIJ,0.8471,0.703986335,0.143113665
HOKKIC,1.603,1.458368198,0.144631802
AFOBEE,1.831,1.684767112,0.146232888
NPNOXT,2.1943,2.047848928,0.146451072
MSALTS,3.3697,3.221912336,0.147787664
OMUNOA,2.6094,2.461429675,0.147970325
GUJBUK,2.7457,2.592947852,0.152752148
JONYES,1.8492,1.695896578,0.153303422
BOZLAD,2.1032,1.94614357,0.15705643
WEMQOU,1.7216,1.564220575,0.157379425
TMAZPZ,1.9149,1.753538503,0.161361497
IYISOA,2.3616,2.197810998,0.163789002
AFIPIQ01,2.8404,2.676296395,0.164103605
YAFWIN,2.2516,2.085999322,0.165600678
NEVPUZ,1.2587,1.091128478,0.167571522
YENZOG,1.7396,1.570941793,0.168658207
ZAGMID,1.9711,1.802293183,0.168806817
TEQYEU,1.6907,1.518804735,0.171895265
BTYPOD,1.9334,1.761421648,0.171978352
VOBKOM,1.644,1.47039564,0.17360436
KUDDEU,2.6848,2.505082216,0.179717784
UDETAY,2.6988,2.518715132,0.180084868
WIXJUK,3.3386,3.157312453,0.181287547
DULYOA,2.7061,2.524075779,0.182024221
JOLQUY,2.4803,2.298275516,0.182024484
YOKMOC,2.5213,2.336480332,0.184819668
MOYGUC01,2.3679,2.179603844,0.188296156
TOHJUV,2.4306,2.239498875,0.191101125
WENJAA,2.6541,2.462267787,0.191832213
PSBTTP,1.7111,1.518940792,0.192159208
TAVJUX,1.9635,1.770428624,0.193071376
AFAFAP,4.5124,4.316986468,0.195413532
VEMFOI,0.9703,0.773348214,0.196951786
HICRUI,3.9666,3.767514671,0.199085329
BUZKOW,1.8004,1.599268868,0.201131132
YINTUK,1.2424,1.0409452,0.2014548
UFAYUW,1.3832,1.173628025,0.209571975
YUMCOY,1.1759,0.965025372,0.210874628
PELJOG,4.2956,4.082475833,0.213124167
YUZGUV,0.8958,0.681945095,0.213854905
IPMUDS,1.8227,1.605799606,0.216900394
ONOCAX,1.5089,1.291752747,0.217147253
TMCBDT,2.4632,2.241893478,0.221306522
YENZIA,2.0182,1.796878113,0.221321887
KUJVOC,2.5602,2.338385131,0.221814869
TMBDSE,3.5194,3.296498805,0.222901195
WURWIP01,3.0474,2.823161806,0.224238194
DAMHEE,1.9352,1.707738983,0.227461017
MUSTOL,2.2784,2.050814972,0.227585028
RAXJOS,3.3436,3.114264006,0.229335994
POYRUT,1.9182,1.67472066,0.24347934
PUJQIV,1.9934,1.748575142,0.244824858
IWUTID,2.9831,2.737549274,0.245550726
EMALAF,3.6221,3.374568334,0.247531666
LEWZUI,4.4558,4.207046938,0.248753062
ASOPEF,4.748,4.497365449,0.250634551
XUVZEV,1.9349,1.684105875,0.250794125
RUTLUO,4.4668,4.213985847,0.252814153
SORGUD,3.6779,3.424120308,0.253779692
VICGAQ,2.0172,1.757971242,0.259228758
QIGMIC,3.5203,3.261015129,0.259284871
SIPRUF01,1.6398,1.375835998,0.263964003
NORYEY,1.8406,1.574506487,0.266093513
FENYIG,2.7088,2.441957192,0.266842808
GUZXOP,3.2314,2.964301937,0.267098063
VELVAL,1.9166,1.648252124,0.268347876
TMCBOT,2.1793,1.910839489,0.268460511
RUYSUZ,4.8432,4.567336864,0.275863136
EKAVIV,3.555,3.278893024,0.276106976
AZLENE,1.9286,1.643653396,0.284946604
QUVWAI,2.0646,1.767707483,0.296892517
NAGYOK,3.5825,3.282240027,0.300259973
HODZAD,3.8876,3.586681259,0.300918741
DURRUG,1.1607,0.859534906,0.301165094
HIBLAF,2.0542,1.742341009,0.311858991
HOBMIU,3.7482,3.434623912,0.313576088
ICECAU,1.3133,0.99934712,0.31395288
HOFVED01,3.6423,3.323873481,0.318426519
HMPYQT,1.5988,1.279861362,0.318938638
GOHKUJ,0.8464,0.527275452,0.319124548
ACEFOG,1.5278,1.20794161,0.31985839
LAXVIQ01,3.6739,3.350268547,0.323631453
DAMNOV,2.5428,2.21718552,0.32561448
OKALUJ,2.0505,1.724876727,0.325623273
PARNEC,2.5321,2.204749907,0.327350093
NAQWAG,1.9316,1.599660712,0.331939288
GIKNIZ,2.0467,1.709992087,0.336707913
WAFTEE,1.5061,1.167940841,0.338159159
FAFJIF,1.6478,1.305350287,0.342449713
KAYTIQ,2.496,2.142735108,0.353264892
VARVUF,4.0553,3.700071196,0.355228804
VUDVIB,1.4125,1.048754874,0.363745126
XIDXUF,2.1883,1.823273178,0.365026822
NAQVUZ,2.0402,1.663912289,0.376287711
NAFZEZ,2.1051,1.726724382,0.378375618
QILWAM,1.8986,1.517705394,0.380894606
COSFIZ,2.1184,1.73730962,0.38109038
ONOBUQ,1.879,1.495729461,0.383270539
WUSGUM,1.9275,1.541537145,0.385962855
YAFNOI,2.4257,2.025644419,0.400055581
LOCZAH,2.2039,1.795735234,0.408164766
YOZFOL,2.5924,2.184205294,0.408194706
KEGROG,1.6372,1.214390714,0.422809286
WIPVUM,3.2417,2.810734356,0.430965644
ABIZAP01,1.9232,1.489280357,0.433919643
KUGGIC04,3.3937,2.956573897,0.437126103
IJICEL,2.0877,1.641664242,0.446035758
UTISEW,2.7489,2.295796556,0.453103444
NIRYUI,3.798,3.341288782,0.456711218
MUDXOY,1.7388,1.276051765,0.462748235
BOFBIH,3.7132,3.24944756,0.46375244
RELWIR,1.5199,1.038360116,0.481539884
HOKGEW,1.71,1.220676549,0.489323451
FARSAS,1.8465,1.355617921,0.490882079
FARSEW,1.9078,1.408625744,0.499174256
BESCEI,2.2047,1.701420494,0.503279506
WUNWOR,1.5589,1.050169867,0.508730133
DOKZAE,1.9037,1.394285332,0.509414668
BESVAW,1.8878,1.361579941,0.526220059
USUBIV,1.942,1.414993214,0.527006786
JUPDIH,1.9419,1.410770003,0.531129997
QIBJIV,3.1737,2.627832877,0.545867123
UGILUS,2.3536,1.807408928,0.546191072
ZUPCAO,2.0227,1.474912734,0.547787266
DEHMET,3.8871,3.334562122,0.552537878
VIVCIM,1.9779,1.415216347,0.562683653
ZAVXOJ,4.6897,4.125208629,0.564491371
APAVUJ,1.8631,1.284895472,0.578204528
XOVRIM,2.7787,2.200477716,0.578222285
KUHWIT,1.2946,0.704639409,0.589960591
IPILUO,3.5414,2.948301629,0.593098371
POBBIR,1.6259,1.030000772,0.595899228
XOVSOT,2.7882,2.184450196,0.603749804
BURWAM,3.3468,2.74152214,0.60527786
UNEXES,2.6701,2.06412135,0.60597865
EWIDOD,1.8845,1.277602815,0.606897185
QITVUK,2.8929,2.276805715,0.616094285
FARSIA,2.0508,1.433442548,0.617357452
WOQSEA,1.9108,1.284922684,0.625877316
DHANTQ01,3.4399,2.808905749,0.630994251
DOXXUL,1.5338,0.901029582,0.632770418
KOHKID,2.176,1.542886831,0.633113169
VAZKOY,2.5263,1.891437755,0.634862245
TAKFAM,2.3067,1.670780448,0.635919552
ZZZBKS01,2.489,1.850321318,0.638678682
RIHVEL,2.3931,1.753040535,0.640059465
SOHXAO,3.1886,2.545262581,0.643337419
KODTIG01,1.3384,0.694816091,0.643583909
SURDOX01,2.6324,1.988348464,0.644051536
FAYYAH,2.5476,1.899900503,0.647699497
TSEFUL01,3.7398,3.080685129,0.659114871
AMEPOS,7.5314,6.870556692,0.660843308
XAWDOP,2.7337,2.071686122,0.662013878
DECYOB,2.6668,2.004691635,0.662108365
COTCUJ,2.5808,1.91742465,0.66337535
BEGREN,1.3892,0.72167375,0.66752625
FAVPAT,2.3777,1.70370081,0.67399919
DOWRUD,2.9556,2.277594846,0.678005154
BEYHAQ,3.3086,2.628431528,0.680168472
JIYKAD,5.2386,4.55747545,0.68112455
XATMIR,3.2653,2.583287803,0.682012197
WUXKIK,2.281,1.597935509,0.683064491
XANQIP,1.6307,0.946140655,0.684559345
HOBNEU,1.9347,1.249294787,0.685405213
IHEDIJ,2.3134,1.623704713,0.689695287
XAXWAX,3.1751,2.477353791,0.697746209
ILEXAY,3.8974,3.197884663,0.699515337
TOLPUH,2.8957,2.195960622,0.699739378
UHAJOC,1.778,1.076211185,0.701788815
FEZCOF,2.8225,2.119904737,0.702595263
UREJIM,1.9335,1.226744693,0.706755307
VERSIC,1.9203,1.205764698,0.714535302
UWOJEX,2.1807,1.46304856,0.71765144
EHELIO,2.3012,1.58345904,0.71774096
QEBFIM,1.9359,1.217476488,0.718423512
YIHCID,2.0518,1.330692272,0.721107728
IJEMIV,2.4085,1.686318162,0.722181838
XUWBUP,3.2722,2.549300754,0.722899246
XUWBID,3.2753,2.550498056,0.724801944
XAXVOK,1.8204,1.083367785,0.737032215
NAKTOL,3.2965,2.54769256,0.74880744
ESOFAV,1.6891,0.938222135,0.750877865
GOJCIR,5.1579,4.402343213,0.755556787
LONZOD,3.6506,2.889280085,0.761319915
CUYJOV,1.7518,0.987039401,0.764760599
QAMKAS,3.67,2.892308715,0.777691285
VOKBON,2.2205,1.439673961,0.780826039
IXEGIB,1.8145,1.030632076,0.783867924
LOFVEI,1.9215,1.133110239,0.788389761
UHAKET,1.854,1.065217776,0.788782224
RELXUE,1.9117,1.121605255,0.790094745
QAHFOX,2.1874,1.396435033,0.790964967
IFUHAS,3.8017,3.010207582,0.791492418
ROCDIX,3.6553,2.855374671,0.799925329
DPOCTT03,3.6926,2.889661045,0.802938955
WUSJOM,2.2964,1.490559293,0.805840707
DOPSAC,3.3553,2.545654425,0.809645575
VEKWUF,2.8878,2.076693021,0.811106979
TIVBUW,2.3747,1.561262695,0.813437305
ZZZIYE05,2.1732,1.357871026,0.815328974
HOTSEQ,2.9131,2.097156,0.815944
JELTEZ,2.5748,1.755897732,0.818902268
YAPNAH,2.7475,1.926758163,0.820741837
MUPXIF,3.6462,2.82326793,0.82293207
XENWIX,3.4567,2.632839776,0.823860224
DHANQU04,2.835,2.006024994,0.828975006
XAXVIE,1.9552,1.126198541,0.829001459
AGALIF,1.9396,1.108173704,0.831426296
YOZFUR,2.8587,2.026678453,0.832021547
DEVXUX,1.107,0.274854268,0.832145732
WAHHUI,2.3214,1.489253146,0.832146854
TRYTAN,1.9313,1.096747634,0.834552366
BOJWEE,2.2737,1.43638138,0.83731862
GIGVOJ,2.9349,2.096802251,0.838097749
FICTER01,3.0998,2.255765854,0.844034146
NAKTUR,2.3361,1.490722562,0.845377438
XUKFUF,1.4735,0.610477053,0.863022947
BOVMAA,3.6952,2.831074883,0.864125117
BEJZEV,1.6985,0.834056865,0.864443135
KIWPUE,4.1249,3.257586492,0.867313508
LARKAT,2.4525,1.58364952,0.86885048
PILFEV,3.6785,2.807455381,0.871044619
JAYMOM,2.4155,1.544446045,0.871053955
VEDLIA,2.4408,1.568737668,0.872062332
VAGQIE,1.9839,1.111232267,0.872667733
TIDCIS,4.1524,3.27900187,0.87339813
FAWNAS10,2.3878,1.514344785,0.873455215
KAPNIZ,4.0306,3.155244386,0.875355614
JARWEH,4.066,3.189421915,0.876578085
VAPQAG,2.3512,1.471848729,0.879351271
VOHZUP,2.6276,1.748088058,0.879511942
NEDQIZ,3.2111,2.328806715,0.882293285
EPYHAT,2.9427,2.057808304,0.884891696
HOBXEB,1.1531,0.25782809,0.89527191
CAMGAA,2.8062,1.907593168,0.898606832
JOQTUE,4.1293,3.230266238,0.899033762
TUPKUK,4.1458,3.246541381,0.899258619
NIJYIP,2.5342,1.628537459,0.905662541
GABBIV,4.0167,3.106318275,0.910381725
VIPSEU,2.5816,1.66632322,0.91527678
MEJWED,2.9564,2.040327695,0.916072305
SOLJAF,2.3437,1.426743099,0.916956901
EJABIB,3.7112,2.793814302,0.917385698
IXEGEX01,1.5544,0.636502043,0.917897957
JUDVAH,4.0977,3.179516962,0.918183038
LEJDOV,1.8729,0.9431474,0.9297526
VENTLG,4.0889,3.156607678,0.932292322
IPOKAA,3.7896,2.855701208,0.933898792
DERTOJ,3.6525,2.714337943,0.938162057
RALTEE,2.1901,1.250527464,0.939572536
LAGXAS,1.9888,1.039747898,0.949052102
LIMFOF,4.4499,3.493884916,0.956015084
HEWMAY,1.3529,0.395251143,0.957648857
HURXOH,3.8157,2.857170624,0.958529376
NOSQOE,2.6006,1.640265575,0.960334425
LOSBOK,3.8096,2.846231638,0.963368362
XITWUT,1.3482,0.384551617,0.963648383
GIKJAL,2.5525,1.588738053,0.963761947
YIFJIJ,2.4962,1.531675731,0.964524269
ZAPZAT,3.2247,2.257131867,0.967568133
UMIXEU,3.2574,2.287499798,0.969900202
MEPSIK,2.5958,1.625329234,0.970470766
JIGPIY,4.1418,3.169911335,0.971888665
CANTRQ01,4.3057,3.324499344,0.981200656
XEYYAB,3.8298,2.848435762,0.981364238
SOBVAH,2.2147,1.232241398,0.982458602
XETMUH,1.3325,0.342156244,0.990343756
DCANTQ,4.3085,3.317587646,0.990912354
IVIQIO,1.4172,0.423355085,0.993844915
UJECIW,3.8513,2.85420458,0.99709542
GEVFES,2.4053,1.407265174,0.998034826
TUQGAO,3.6387,2.639343303,0.999356697
VAXGEI,2.2458,1.24243207,1.00336793
JIYHIJ,3.9044,2.899293883,1.005106117
NABSAK,1.6102,0.603657874,1.006542126
CUKFIY,1.9685,0.961760003,1.006739997
PEGHEQ,3.9244,2.917226201,1.007173799
VOTKEU,2.5616,1.552356401,1.009243599
WINRIU,2.5035,1.49403419,1.00946581
LOSBIE01,3.9,2.889089605,1.010910395
CINKOC,3.366,2.352344583,1.013655417
LEHPOE,1.714,0.69887059,1.01512941
JIYHOP,3.9595,2.94174368,1.01775632
RINFUR,4.1805,3.161775124,1.018724876
TAXMAI,2.3021,1.282851895,1.019248105
KUJZOF,3.4154,2.393406598,1.021993402
FOHHUF,2.2889,1.264378071,1.024521929
QUGHUX,3.5205,2.494660247,1.025839753
TUQKAS,2.4505,1.42397842,1.02652158
GEVNON,1.6732,0.644883157,1.028316843
TAXMEM,2.4031,1.366488879,1.036611121
BEWZOV,2.9614,1.924472405,1.036927595
QEKHUM,3.3662,2.32888835,1.03731165
GAMNEO,1.7928,0.755127455,1.037672545
KUTRUN,4.5103,3.472039598,1.038260402
COCGUZ,4.2613,3.222701467,1.038598533
JITPEH,1.6585,0.619168377,1.039331623
ALAQEK,4.4034,3.363901463,1.039498537
ESUMIQ,1.8704,0.82758055,1.04281945
ECUDAK,4.5062,3.463277524,1.042922476
DAZDUG,4.5308,3.487658946,1.043141054
VIBLOK,4.5194,3.475930829,1.043469171
HOQZIZ,4.6544,3.610001436,1.044398564
NANLIY,1.6555,0.610460726,1.045039274
ECUDEO,4.5116,3.466243568,1.045356432
ODEMEP,4.2328,3.187062686,1.045737314
QACDED,4.2138,3.167220127,1.046579873
WOKMUG01,3.8831,2.83526544,1.04783456
KIGQEW,4.2646,3.215844192,1.048755808
YOCQOY,4.5224,3.47285594,1.04954406
QEHQOM,4.5528,3.503169448,1.049630552
JEGBIG,3.7634,2.712514779,1.050885221
SUDNUC,2.4386,1.387109684,1.051490316
FATBEJ,4.5319,3.480366289,1.051533711
OGEROI,2.4095,1.357305029,1.052194971
DUKFIB,1.6446,0.591279405,1.053320595
CALZOF,4.3338,3.279410041,1.054389959
DNPOQV10,2.8497,1.791871214,1.057828786
RUDNOT02,3.6862,2.628349894,1.057850106
IFOYAF,4.6209,3.561265804,1.059634196
TEGNUR,2.3845,1.323753363,1.060746637
PAVBIY,4.1292,3.06699779,1.06220221
WIQSEU,4.168,3.105469279,1.062530721
SUYSOW,4.1704,3.106555014,1.063844986
VEXNOB,4.3815,3.315299167,1.066200833
PIMLIJ,1.6906,0.623764383,1.066835617
AYUYEZ,4.5894,3.517292169,1.072107831
NEJTIF01,3.8039,2.730909691,1.072990309
REMGAS,4.9061,3.830060092,1.076039908
YIQGEN,3.6962,2.618891209,1.077308791
MENCIS,4.2643,3.182238103,1.082061897
TUCDOM,4.5475,3.464678912,1.082821088
NAWPAF,1.9769,0.892833506,1.084066494
VUBCAZ,4.6167,3.530789027,1.085910973
DOKKEV,2.2796,1.192624309,1.086975691
PUTZIP,3.1187,2.031222758,1.087477242
YETGOT,4.1373,3.048902204,1.088397796
ABAROL,4.0715,2.980764839,1.090735161
ECADUI,4.7961,3.700397733,1.095702267
BUFJET,1.6382,0.539112414,1.099087586
HODHOY,1.7749,0.67427692,1.10062308
QUGJEJ,2.015,0.906765747,1.108234253
QUGJAF,2.0157,0.906548056,1.109151944
KAXTAH,2.8597,1.746101626,1.113598374
FAZJAR,3.9459,2.830122484,1.115777516
GEMDIL,2.4978,1.381904141,1.115895859
JUGLON,3.9323,2.815986158,1.116313842
JAYQUV,3.8703,2.752706029,1.117593972
KISGEA,2.318,1.199489747,1.118510253
YISYEE,4.8497,3.730830972,1.118869028
GEXMAA,3.3388,2.217941997,1.120858003
EFATAI,3.9962,2.874041697,1.122158303
KOVFUW,4.8253,3.703118874,1.122181126
DAXWEH,2.1843,1.060319722,1.123980278
HEVDAO,2.1822,1.056376789,1.125823211
PEMBEO,4.289,3.161557433,1.127442567
LANGOZ,2.4805,1.352434187,1.128065813
TOPBIK,4.6802,3.550952681,1.129247319
ROZQUT,1.7881,0.6519037,1.1361963
XIVYOQ,3.0035,1.866484894,1.137015106
CEXVAF,3.9328,2.787699899,1.145100101
TUHDUV,4.1292,2.980928107,1.148271893
HACFEW,3.9886,2.838647818,1.149952182
IYUYIL,2.8536,1.701420494,1.152179506
VIMPUF,4.3585,3.205204531,1.153295469
NORPEQ,3.9624,2.805577794,1.156822206
VEDZEJ,2.4808,1.321549239,1.159250761
MENQUS,2.0304,0.867554108,1.162845892
FOZQOA,4.1195,2.951975169,1.167524831
CEXTIL,2.8891,1.721475301,1.167624699
NABNOT,1.8677,0.698925013,1.168774987
NULGOS,2.0497,0.879445494,1.170254506
BONJIY,3.8987,2.728134127,1.170565873
WUKJET,4.1878,3.016275726,1.171524274
GIKBUA,4.3819,3.209639991,1.172260009
KOZMUJ,3.8769,2.701004353,1.175895647
ITIJUQ,1.5733,0.39109324,1.18220676
FOZQIU,4.1084,2.920600416,1.187799584
AJUWEH,1.6617,0.472580522,1.189119478
BOGHEM,2.9585,1.768523826,1.189976174
KOYMES,4.1196,2.928872684,1.190727316
ICETEX10,1.4637,0.272957633,1.190742367
SODWOX10,3.6945,2.50342232,1.19107768
IDAREN,4.0753,2.883748006,1.191551994
BOSECH,4.154,2.961744064,1.192255936
ROQJIQ,1.5145,0.322155859,1.192344141
ROQJAI,1.5323,0.339296325,1.193003675
WUSCET,4.2466,3.052548533,1.194051467
MUQXIH01,2.5394,1.342681618,1.196718382
WUSYEQ,4.8069,3.60151964,1.20538036
PEHYIK,4.061,2.855184191,1.205815809
AVONOQ,2.8768,1.669828049,1.206971951
RAHQIC,1.9943,0.78500286,1.20929714
BITBIS,1.5803,0.370428896,1.209871104
BOTRUY,4.1374,2.924927029,1.212472971
VUKQAU,4.1772,2.96416588,1.21303412
VORMUL,2.7715,1.55505033,1.21644967
RIFMAU,3.9636,2.74636577,1.21723423
BITBOY,1.537,0.315679544,1.221320456
BITBEO,1.5514,0.329829476,1.221570524
DOKKAR,2.5567,1.33357396,1.22312604
PIHJOI,2.5522,1.328324879,1.223875121
BOTSAF,4.1236,2.89904898,1.22455102
LEJCUA,2.1891,0.963773647,1.225326353
QOFHOJ,2.0897,0.862492786,1.227207214
HOZSUK,3.9694,2.742120791,1.227279209
KUWVAB,3.9874,2.757821773,1.229578227
WUKHER,4.1244,2.890831135,1.233568865
ONOBAW,1.9571,0.723322762,1.233777238
KOYMOC,4.0528,2.81651678,1.23628322
JECTEQ,3.7547,2.514470152,1.240229848
NEHHAL,3.8262,2.584811641,1.241388359
DERTID,3.9406,2.698364847,1.242235153
YODKAE,4.4106,3.168169805,1.242430195
BIMJIT,4.0542,2.811558862,1.242641138
WUKHUH,4.1129,2.86772865,1.24517135
ATULAC,2.2153,0.967300245,1.247999755
HONSIO,2.4295,1.181220008,1.248279992
EZEKEB,2.0657,0.816568093,1.249131907
HAGGIG,1.918,0.668284968,1.249715032
FEHRAM,4.2274,2.976955241,1.250444759
HAKPAL,2.241,0.990549672,1.250450328
WUSCAP,3.5868,2.333133329,1.253666671
KOGRUU,2.1213,0.867096957,1.254203043
OCUFID,4.3238,3.069446817,1.254353183
AREGIP,3.9996,2.744569818,1.255030182
BIRTEB,1.3946,0.137303322,1.257296678
PEKGAN,4.0942,2.836898125,1.257301875
WIKDOJ,4.0687,2.80568664,1.26301336
WUKJAP,4.2642,3.000656378,1.263543622
XEDWEI,3.7962,2.5300895,1.2661105
IZAPUV,4.0256,2.758665327,1.266934673
WOVCUF,3.7015,2.434495824,1.267004176
CARMEP,1.9398,0.669253694,1.270546306
DOKJUK,2.4821,1.210472271,1.271627729
QEFBAH,2.3417,1.068809682,1.272890318
YAHCOZ,3.7991,2.525898943,1.273201057
KAYZUF01,1.4157,0.142234029,1.273465971
DCHXAL01,3.6816,2.408002797,1.273597203
DECCIY,4.037,2.761713005,1.275286995
NUSZIM,3.8226,2.54361357,1.27898643
COBBIE05,3.3441,2.063579843,1.280520157
AREGOV,4.0271,2.746093656,1.281006344
PAKNIB,2.0818,0.798374546,1.283425454
LOFVIM,1.4524,0.167268525,1.285131475
WUSZER,2.9616,1.675569656,1.286030344
WUGTUP,3.1596,1.873206112,1.286393888
QOZHIX,3.6146,2.327663836,1.286936164
IVOLAG,3.7594,2.470550939,1.288849061
SURKOF,4.2658,2.974887174,1.290912826
SISYIE,3.5432,2.249031031,1.294168969
LEJDEL,2.0966,0.800995004,1.295604996
ICILUB,4.322,3.023241846,1.298758154
ZIYSOS,4.2407,2.941662045,1.299037955
SUQBIR,1.9232,0.623522202,1.299677798
WUKHOB,4.2951,2.994914771,1.300185229
ZIDCOE,4.3132,3.012574974,1.300625026
IZAQAC,4.0517,2.748896431,1.302803569
BIRKIW,3.9295,2.626472307,1.303027693
NUNPOB,3.5779,2.272206987,1.305693013
DOKJOE,2.5648,1.257741208,1.307058792
ECUWAA,4.3651,3.054453331,1.310646669
MUGHIF,3.9884,2.677632475,1.310767525
DOZCED,3.7336,2.420835697,1.312764303
SIWFAF,3.3545,2.040610694,1.313889306
WUJTIG,3.4294,2.115115529,1.314284471
DIWWEN,2.1884,0.873962395,1.314437605
ZICGAT,4.0235,2.707480668,1.316019332
FEPKOA,2.5032,1.184621434,1.318578566
LIDWUS,2.2713,0.951120342,1.320179658
MORROD,4.1043,2.78309845,1.32120155
COYHUV,4.8866,3.565293093,1.321306907
SUYSEM,3.8391,2.517436195,1.321663805
XEJSOX,2.1567,0.834462315,1.322237685
REQMEH,3.762,2.439720414,1.322279586
EPIZAF,3.3338,2.011276796,1.322523204
TETRUG,2.9807,1.658099932,1.322600068
PAZHUT,3.8197,2.4964562,1.3232438
WUKHIV,4.0524,2.72837903,1.32402097
RAPBUF,4.2518,2.927512113,1.324287887
CAVJUF,3.7945,2.46940806,1.32509194
UGINAC,3.6888,2.359473972,1.329326028
VARNUZ,3.999,2.669411909,1.329588091
KAWVUA,2.1833,0.852587834,1.330712166
ZOLRUN,3.8119,2.478088499,1.333811501
XEDWOS,4.1308,2.794693231,1.336106769
REHWOR,2.5632,1.225465757,1.337734243
KOZNAQ,4.0806,2.742801076,1.337798924
MULWEY,3.7986,2.458980649,1.339619351
ZADNEA,4.2327,2.892246128,1.340453872
LEJDAH,2.0894,0.746381709,1.343018291
UDUBAX,3.6707,2.327636625,1.343063375
CIMZON11,4.1395,2.795373516,1.344126484
TIMSIR,3.7141,2.369841519,1.344258481
BERGIP,2.4303,1.083721533,1.346578467
XUYRAM,2.0975,0.748259296,1.349240704
FAPMUF,4.0144,2.664541067,1.349858933
XUMMAV,1.9737,0.623059608,1.350640392
YEMLOR,2.2767,0.924072203,1.352627797
GEYHUN,4.165,2.811890841,1.353109159
KAXSUA,4.0281,2.672867758,1.355232242
SISJEK,4.0572,2.701385313,1.355814687
BDTOLE14,3.4921,2.134734954,1.357365046
JECTUG,3.8939,2.531041899,1.362858101
GEYHIB,4.1831,2.819918206,1.363181794
GEBTEO,3.4874,2.123823179,1.363576821
NOCMEX,4.3446,2.980846473,1.363753527
PEMBAK,4.1788,2.814639193,1.364160807
VAVSAN,3.5075,2.142653474,1.364846526
XEDWIM,4.1573,2.792380261,1.364919739
CLNAPU,4.3006,2.928001919,1.372598081
POKNUY,4.1296,2.756923797,1.372676203
WIMFUT,4.4614,3.087787306,1.373612694
KIVDAV,4.3895,3.012384495,1.377115505
PIYMUI,3.6946,2.31710581,1.37749419
QIBGUD,3.6492,2.270846416,1.378353584
WOLZON,3.6369,2.255580817,1.381319183
AVERUF,2.774,1.390584581,1.383415419
COYGOO,2.2921,0.905622868,1.386477132
TABBAZ,3.7986,2.411393339,1.387206661
SUTXOU,3.3264,1.938350223,1.388049777
MUXLAS,3.8109,2.420155412,1.390744588
LEJDIP,2.159,0.766463728,1.392536272
OGIQUS,4.4685,3.075270058,1.393229942
UFIQOP,3.7804,2.382905716,1.397494284
FIFNEN,4.1886,2.789931235,1.398668765
ETANIY,2.7852,1.386374976,1.398825024
OHENUN,2.2229,0.823308359,1.399591641
TIXCEL,3.821,2.419502338,1.401497662
EZEDEU,3.2248,1.823240525,1.401559475
JAXNOM,4.4593,3.057473798,1.401826202
HIBZEZ,2.574,1.17025381,1.40374619
MPYCHD,1.6221,0.209440765,1.412659235
GIXNUW,3.5113,2.09794513,1.41335487
AXOZAO,1.8659,0.44452556,1.42137444
AVONUW,4.836,3.410460182,1.425539818
RELWOX,2.3469,0.916749613,1.430150387
TAJPOJ,2.178,0.747306897,1.430693103
UBAHAJ,2.2878,0.857050505,1.430749495
CAPFII,3.4884,2.056910327,1.431489673
PAVBEU01,4.1566,2.723344919,1.433255081
EWAFOZ,2.4854,1.045244602,1.440155398
RUWFIY,2.3997,0.956989843,1.442710157
LEXBAR,4.1916,2.748352203,1.443247797
PARCER,5.1564,3.712996615,1.443403385
XARHEE,4.1966,2.751862475,1.444737525
YOFROB,4.013,2.566498364,1.446501636
IGEZUR,3.7985,2.35150103,1.44699897
ZZZJWM01,1.7681,0.318441502,1.449658498
LIWDAY,4.4926,3.042344255,1.450255745
XANRUB,1.8245,0.372986769,1.451513231
ROQHOU,2.0481,0.595965209,1.452134791
VORLUK,3.2984,1.844879036,1.453520964
XOKGEJ,5.1361,3.678655818,1.457444182
CAZVIJ,2.8055,1.34767219,1.45782781
CUMWIS,4.5101,3.051187962,1.458912038
PVVAQS01,3.9739,2.514238855,1.459661145
GAFYES,4.1345,2.672405164,1.462094836
ZEZZUB,2.4232,0.961079717,1.462120283
SUVDUJ,4.2587,2.794883711,1.463816289
HEPOPH02,2.8813,1.414122448,1.467177552
SIBGOZ,3.8586,2.389760269,1.468839731
GAWRIF,4.1413,2.672051415,1.469248585
GEQZOR,1.8138,0.343862399,1.469937601
UNUMEW,2.0408,0.56994294,1.47085706
UTAKUX,2.4894,1.014642653,1.474757347
YAHZUE,5.0099,3.533945551,1.475954449
BOCHEG,2.5509,1.070314472,1.480585528
CAKLAE,3.7528,2.271281799,1.481518201
FILPAT,3.7547,2.270492668,1.484207332
MEBZAN,1.8134,0.328626732,1.484773268
DEWLID,3.6504,2.163932795,1.486467205
LEXLIM,2.8269,1.336896473,1.490003527
RAPRIJ,3.5891,2.096747828,1.492352172
HOSWAQ,4.8879,3.395303427,1.492596573
QOPWAU,1.3752,-0.118709767,1.493909767
NEFQEW,3.8886,2.394440631,1.494159369
WUPYEM,3.2195,1.725039996,1.494460004
BADKIC,5.2968,3.795545142,1.501254858
CEMHUY,5.7763,4.274305375,1.501994625
PATZUG,3.8219,2.318167055,1.503732945
CADJEY,2.8239,1.319154635,1.504745365
ATUQEN,2.5601,1.054096473,1.506003527
HALBAA,3.8633,2.356943311,1.506356689
VUZGAZ,5.2044,3.69375815,1.51064185
NIGVAB,3.8117,2.300860599,1.510839401
CEFXOB,3.7284,2.216940617,1.511459383
WILKAG,2.7926,1.275425902,1.517174098
WEZZUW,4.8694,3.350540661,1.518859339
WADYUX,5.7627,4.243265322,1.519434678
CIQFIS,3.6219,2.102353378,1.519546622
UQOJIU,3.229,1.709175745,1.519824255
WOKYIH,2.8625,1.341522412,1.520977588
VERQUE,3.681,2.159442912,1.521557088
XIWCOV,3.6105,2.088883731,1.521616269
WUQCET,2.7547,1.231887649,1.522812351
XARHII01,4.292,2.767291343,1.524708657
WATKIL,3.816,2.288914791,1.527085209
AWUDON,5.2785,3.749791881,1.528708119
YEMSUH,3.7149,2.18491279,1.52998721
SEDPIA01,3.746,2.213348711,1.532651289
DOZBUS,3.7912,2.258301957,1.532898043
ETIMUP,4.5499,3.012248438,1.537651562
SAFSIB,3.7394,2.201675017,1.537724983
DOZBOM,3.7801,2.242192804,1.537907196
XOGDED,4.5509,3.012847089,1.538052911
TOXANO,4.6365,3.097991584,1.538508416
SUVFAR,3.7936,2.253539961,1.540060039
FUPJOP,3.7963,2.255988988,1.540311012
MUFKUT,4.7261,3.184578284,1.541521716
COYGEE,4.7618,3.21579249,1.54600751
SEZCIJ,1.8152,0.268767076,1.546432924
VENQOV,3.6652,2.118353686,1.546846314
KOSGAD,3.6234,2.074761011,1.548638989
KOSFOQ,3.6237,2.074026303,1.549673697
KOSFEG,3.6219,2.071740544,1.550159456
VERPUG,3.5682,2.014487742,1.553712258
CEFXUH,3.4531,1.898784836,1.554315164
OGUJIM,2.4214,0.866193538,1.555206462
SATQAG,3.8071,2.250111324,1.556988676
ZAQSEP,3.6414,2.083604718,1.557795282
GUNDID,3.6637,2.10450308,1.55919692
POYCAI,3.049,1.488899398,1.560100602
MIZSEW,5.2575,3.69724121,1.56025879
DCLBQN02,2.0504,0.479247317,1.571152683
JUNBAX,3.9258,2.352126892,1.573673108
POKPAG,4.3508,2.774366309,1.576433691
CEFYES,3.5107,1.922485972,1.588214028
TEWXEA,4.2075,2.619098015,1.588401985
XIFLAZ,2.3583,0.766354882,1.591945118
PHNAPQ,2.9524,1.357027472,1.595372528
YIKZOJ,5.4185,3.819474854,1.599025146
TITNIW,2.5147,0.911263793,1.603436207
CICTAJ,5.6841,4.075915163,1.608184837
ANISAC,5.841,4.224312576,1.616687424
ELUPOS,4.7532,3.132577284,1.620622716
IROYAP,5.3418,3.719709669,1.622090331
RAKCAH,5.3339,3.711546247,1.622353753
LESQUX,3.2914,1.668276999,1.623123001
SAVMUA,2.6725,1.049054199,1.623445801
ZIBVOX,2.8318,1.204567396,1.627232604
HORBEX,2.5083,0.879363859,1.628936141
SOCFOH,3.0074,1.375019655,1.632380345
NIJDIU,5.3557,3.722746463,1.632953537
TADQOE,3.5465,1.909370073,1.637129927
TEJQIJ,3.7394,2.10219011,1.63720989
ARACYP,2.4726,0.831961587,1.640638413
YENZUM,5.2848,3.642845605,1.641954395
YIYRON,1.8049,0.152030136,1.652869864
KILREE,5.5096,3.854517706,1.655082294
VUTDAP,2.2037,0.547602374,1.656097626
IVUJAM,5.7669,4.102345604,1.664554396
GECWUJ,3.9782,2.302438861,1.675761139
EZAKAS,2.2815,0.605481038,1.676018962
XURZAL,5.4228,3.743685641,1.679114359
DALVAN,2.5313,0.851706184,1.679593816
RENSUA,2.432,0.746626611,1.685373389
CINXUT,1.792,0.104382961,1.687617039
NUWRAY,2.8164,1.122497789,1.693902211
YOPSIG,3.9798,2.280446601,1.699353399
HESFOB,3.0275,1.324188745,1.703311255
YELCUN,2.6028,0.899037707,1.703762293
CINXON,2.785,1.075993493,1.709006507
TIKIND,5.2217,3.509311063,1.712388937
SAHBAG,5.707,3.991995181,1.715004819
ROZWAH,3.7081,1.992092753,1.716007247
FOMVUZ,2.4075,0.688747947,1.718752053
CEFYAO,4.1474,2.425298368,1.722101632
OBUYUH,2.9114,1.180839048,1.730560952
VUDWAU,2.5548,0.818546363,1.736253637
YAKSAG,2.3962,0.659604529,1.736595471
NPINDO,2.7213,0.979942665,1.741357335
OFALIT,3.8154,2.068502387,1.746897613
LACTOY,2.8952,1.141817889,1.753382111
TEJWOV01,3.4691,1.708250557,1.760849443
JEZYOC,3.367,1.602479814,1.764520186
TCANTQ,4.0097,2.226219707,1.783480293
ZIJLOV,1.2634,-0.520935194,1.784335194
RESGOO,2.4374,0.650624764,1.786775236
LIVBEZ,2.2985,0.51100303,1.78749697
XIHYES,2.6848,0.889459292,1.795340708
XAKQOP,3.2906,1.491538904,1.799061096
AYUTOE,2.7721,0.963773647,1.808326353
INOHUO,5.9027,4.093793058,1.808906942
ZOVCIW,4.1515,2.335500722,1.815999278
SONNAM,2.7886,0.966658056,1.821941944
PMELTA,2.1935,0.357476266,1.836023734
DOPJIB,3.2647,1.424495437,1.840204563
PAVVIT,4.0607,2.200695407,1.860004593
DUROQN11,3.0325,1.156735183,1.875764817
JOCGAM,3.3172,1.432950022,1.884249978
OCOHOF,2.1177,0.225612504,1.892087496
QOCDEU,3.323,1.430830253,1.892169747
RAFTOH,5.1168,3.190782485,1.926017515
OHEFOZ,2.9001,0.96905266,1.93104734
PUWFIZ,2.3489,0.410184763,1.938715237
RENJUR,3.7315,1.787038468,1.944461532
CEFJON,2.8169,0.864152682,1.952747318
NUMKUC,5.022,3.067351539,1.954648461
KUJVIW,2.6362,0.673672827,1.962527173
ROVMEW,2.4387,0.474213206,1.964486794
CUBJOZ,5.7865,3.815012184,1.971487816
HTPSTP,4.1792,2.204858752,1.974341248
XOKGOT,3.0515,1.076619356,1.974880644
PAWRAI,3.0584,1.083394996,1.975005004
IWIGUR,3.2985,1.315644363,1.982855637
DAVSEB,3.6183,1.63524235,1.98305765
WIBYUC01,3.2244,1.221109211,2.003290789
UBUMIQ,4.9879,2.971132,2.016768
BELNIS,3.3256,1.291099673,2.034500327
OHEFIT,3.935,1.89791407,2.03708593
XEBLUN,4.2337,2.174409187,2.059290813
QIXXAY,3.0299,0.967447187,2.062452813
GURHAE,4.261,2.177266385,2.083733615
NNOXDT,3.5259,1.441388279,2.084511721
GIQYIO,5.373,3.284634631,2.088365369
SIXKUI,3.1187,1.026716355,2.091983645
EXAKIY,3.4075,1.310800732,2.096699268
HDXMOR,6.0245,3.91253787,2.11196213
GIPFOC,3.9953,1.880242982,2.115057018
EGUDAO,5.1824,3.061827623,2.120572377
XAVSES,2.8637,0.735116186,2.128583814
PASPLB02,5.8719,3.738901876,2.132998124
DITSEH,5.8942,3.749732016,2.144467984
SUGCEC,3.0203,0.874675334,2.145624666
MOTVOJ,3.129,0.94605902,2.18294098
WOZWAL,3.207,1.02336663,2.18363337
VUCHIK,2.4563,0.252407578,2.203892422
BOJWIH,6.3295,4.112326748,2.217173252
EVIYOY,5.0648,2.809014595,2.255785405
UNOWAW,5.4409,3.132441226,2.308458774
VOMTIA,3.7599,1.420353861,2.339546139
OLISUX,3.7345,1.356319976,2.378180024
AMTETA,5.1852,2.769269613,2.415930387
ZOXRIN,5.2135,2.772524097,2.440975903
ESOZIV,3.7267,1.245302874,2.481397126
PZPZTO,3.18,0.684217247,2.495782753
VIJLOS,4.4565,1.959602332,2.496897668
TUGYAV,5.7633,3.257885817,2.505414183
IQEXEI,5.8107,3.277750145,2.532949855
CIRHAO,4.0696,1.423635557,2.645964443
TIZPOH,5.8917,1.965806533,3.925893467
