ID,E(S1),E(T1)
BAJVEP,0.8275,0.783933452
NEDQIZ,3.2111,2.328806715
NIJDIU,5.3557,3.722746463
INOHUO,5.9027,4.093793058
DITSEH,5.8942,3.749732016
KOVFUW,4.8253,3.703118874
MSALTS,3.3697,3.221912336
IPMUDS,1.8227,1.605799606
FICTER01,3.0998,2.255765854
QUGHUX,3.5205,2.494660247
YOPKOD,1.4682,1.463892114
YUJKUJ01,2.3354,2.326839331
VOKBON,2.2205,1.439673961
JOCGAM,3.3172,1.432950022
HORBEX,2.5083,0.879363859
SEYSIY,1.9645,1.912363328
XURZAL,5.4228,3.743685641
VOMTIA,3.7599,1.420353861
PASPLB02,5.8719,3.738901876
LURZAC,2.1515,2.110271898
EWIDOD,1.8845,1.277602815
LISFOL,2.7038,2.591097477
FIGREV,2.111,2.077373306
GUCWEJ,2.9027,2.859946187
WUGTUP,3.1596,1.873206112
EPIZAF,3.3338,2.011276796
NODHUJ,0.5757,0.54850035
XAVSES,2.8637,0.735116186
BELNIS,3.3256,1.291099673
IPUVOG,1.7009,1.633800145
TAQRAH,0.6415,0.627957661
BESCEI,2.2047,1.701420494
BUWVEU,1.4755,1.446182929
FIBVOC,1.6137,1.604983264
DAXWEH,2.1843,1.060319722
OBIPUN,1.7879,1.752754815
DURRUG,1.1607,0.859534906
REXSIY,2.4429,2.302112324
CAFMAX,1.3402,1.317437595
XIHYES,2.6848,0.889459292
VIMPUF,4.3585,3.205204531
AWUDON,5.2785,3.749791881
IVUJAM,5.7669,4.102345604
NEVPUZ,1.2587,1.091128478
HOQZIZ,4.6544,3.610001436
COCGUZ,4.2613,3.222701467
CIRHAO,4.0696,1.423635557
IHAZEX,2.0097,1.977888398
SIXKUI,3.1187,1.026716355
GOJZAG10,1.345,1.308596608
XIJCIE,2.5224,2.417815231
ESEDEM,2.6343,2.529305811
ROPVAW,1.9063,1.785639801
PITJIM,1.8921,1.8548112
CUBJOZ,5.7865,3.815012184
FUPJOP,3.7963,2.255988988
CABROO,2.0326,1.906839412
ALAQEK,4.4034,3.363901463
YAPNAH,2.7475,1.926758163
DEPYIG,1.2564,1.215773054
JIYKAD,5.2386,4.55747545
IQEXEI,5.8107,3.277750145
WEMQOU,1.7216,1.564220575
NIFFOY,1.6676,1.634534853
NEVQAG,1.2264,1.139537573
LOFVIM,1.4524,0.167268525
XIPQUI,1.8036,1.780279154
OCOHOF,2.1177,0.225612504
VENQOV,3.6652,2.118353686
MIZSEW,5.2575,3.69724121
RUTQEF,2.21,2.181277346
CALZOF,4.3338,3.279410041
MUFKUT,4.7261,3.184578284
KILREE,5.5096,3.854517706
LUHDIC,1.9333,1.802211549
LIVBEZ,2.2985,0.51100303
KEVGIB,0.9647,0.924945689
TIZPOH,5.8917,1.965806533
YISYEE,4.8497,3.730830972
VOFXAP,1.6057,1.564778409
NAWPAF,1.9769,0.892833506
HDXMOR,6.0245,3.91253787
LIDWUS,2.2713,0.951120342
WENSIT,1.0192,0.922983746
MEBNOX,2.3346,2.282745965
XAKQOP,3.2906,1.491538904
RAFTOH,5.1168,3.190782485
MOXBEJ,2.0094,1.870177482
ODEMEP,4.2328,3.187062686
PSBTTP,1.7111,1.518940792
RUFZEY,1.5116,1.38438038
VIJLOS,4.4565,1.959602332
BOCHEG,2.5509,1.070314472
QEKHUM,3.3662,2.32888835
ZOVCIW,4.1515,2.335500722
LEJCUA,2.1891,0.963773647
RAPRIJ,3.5891,2.096747828
NIRYUI,3.798,3.341288782
VUDVIB,1.4125,1.048754874
EKAVIV,3.555,3.278893024
UNOWAW,5.4409,3.132441226
QOCDEU,3.323,1.430830253
KOZNAQ,4.0806,2.742801076
JAYQUV,3.8703,2.752706029
CINXUT,1.792,0.104382961
PAZHUT,3.8197,2.4964562
WIMFUT,4.4614,3.087787306
XUMMAV,1.9737,0.623059608
KOYMOC,4.0528,2.81651678
KOYMES,4.1196,2.928872684
PIZYAY,0.9841,0.843308744
KOZMUJ,3.8769,2.701004353
AMTPYD,2.1157,1.976745519
ZIBVOX,2.8318,1.204567396
QIGMIC,3.5203,3.261015129
RENJUR,3.7315,1.787038468
XENWIX,3.4567,2.632839776
KAXTAH,2.8597,1.746101626
ESOZIV,3.7267,1.245302874
XEJSOX,2.1567,0.834462315
SAVMUA,2.6725,1.049054199
HODZAD,3.8876,3.586681259
DECCIY,4.037,2.761713005
ZIJLOV,1.2634,-0.520935194
XANRUB,1.8245,0.372986769
WOZWAL,3.207,1.02336663
HOBXEB,1.1531,0.25782809
UBAHAJ,2.2878,0.857050505
SUQBIR,1.9232,0.623522202
HIBZEZ,2.574,1.17025381
IZAQAC,4.0517,2.748896431
BONJIY,3.8987,2.728134127
IPILUO,3.5414,2.948301629
IZAPUV,4.0256,2.758665327
BIRKIW,3.9295,2.626472307
CAPFII,3.4884,2.056910327
FEZCOF,2.8225,2.119904737
ICECAU,1.3133,0.99934712
PAVBIY,4.1292,3.06699779
SIBGOZ,3.8586,2.389760269
BAPPAK,2.0265,1.918254598
KUWVAB,3.9874,2.757821773
ZUPCAO,2.0227,1.474912734
PAVBEU01,4.1566,2.723344919
PATZUG,3.8219,2.318167055
SEZCIJ,1.8152,0.268767076
WIKDOJ,4.0687,2.80568664
DOZBUS,3.7912,2.258301957
WUSCAP,3.5868,2.333133329
POKPAG,4.3508,2.774366309
JEGBIG,3.7634,2.712514779
DEVXUX,1.107,0.274854268
HOBMIU,3.7482,3.434623912
ICILUB,4.322,3.023241846
GEYHUN,4.165,2.811890841
SUVFAR,3.7936,2.253539961
CIMZON11,4.1395,2.795373516
TMBDSE,3.5194,3.296498805
PEKGAN,4.0942,2.836898125
SEDPIA01,3.746,2.213348711
WUSCET,4.2466,3.052548533
ABAROL,4.0715,2.980764839
GAFYES,4.1345,2.672405164
BOFBIH,3.7132,3.24944756
POKNUY,4.1296,2.756923797
DOZBOM,3.7801,2.242192804
GUNDID,3.6637,2.10450308
VUKQAU,4.1772,2.96416588
KIVDAV,4.3895,3.012384495
WUKJET,4.1878,3.016275726
TMCBDT,2.4632,2.241893478
BOTSAF,4.1236,2.89904898
GEYHIB,4.1831,2.819918206
SORGUD,3.6779,3.424120308
PEGHEQ,3.9244,2.917226201
BOTRUY,4.1374,2.924927029
WUKHER,4.1244,2.890831135
LEXBAR,4.1916,2.748352203
HOZSUK,3.9694,2.742120791
NUNPOB,3.5779,2.272206987
TEJQIJ,3.7394,2.10219011
IWUTID,2.9831,2.737549274
RIFMAU,3.9636,2.74636577
RUTLUO,4.4668,4.213985847
XEYYAB,3.8298,2.848435762
JIYHIJ,3.9044,2.899293883
GEBTEO,3.4874,2.123823179
NAGYOK,3.5825,3.282240027
FOZQOA,4.1195,2.951975169
WUJTIG,3.4294,2.115115529
LOSBIE01,3.9,2.889089605
ONOCAX,1.5089,1.291752747
WUKHUH,4.1129,2.86772865
JIYHOP,3.9595,2.94174368
BDTOLE14,3.4921,2.134734954
MUXLAS,3.8109,2.420155412
LAXVIQ01,3.6739,3.350268547
VARVUF,4.0553,3.700071196
ZAVXOJ,4.6897,4.125208629
LEWZUI,4.4558,4.207046938
WUKHIV,4.0524,2.72837903
GUJBUK,2.7457,2.592947852
PEMBEO,4.289,3.161557433
OCUFID,4.3238,3.069446817
NOCMEX,4.3446,2.980846473
DAMNOV,2.5428,2.21718552
TSEFUL01,3.7398,3.080685129
NEFQEW,3.8886,2.394440631
WUKJAP,4.2642,3.000656378
YINTUK,1.2424,1.0409452
SAFSIB,3.7394,2.201675017
CEFXOB,3.7284,2.216940617
JUDVAH,4.0977,3.179516962
TUHDUV,4.1292,2.980928107
JEZYOC,3.367,1.602479814
ESOFAV,1.6891,0.938222135
BOVMAA,3.6952,2.831074883
NIGVAB,3.8117,2.300860599
CAKLAE,3.7528,2.271281799
PEMBAK,4.1788,2.814639193
BERGIP,2.4303,1.083721533
YEMSUH,3.7149,2.18491279
FILPAT,3.7547,2.270492668
KOHKID,2.176,1.542886831
IKUQEK,0.9018,0.816287816
EPYHAT,2.9427,2.057808304
JOQTUE,4.1293,3.230266238
CEFXUH,3.4531,1.898784836
HEPOPH02,2.8813,1.414122448
CAVJUF,3.7945,2.46940806
ZICGAT,4.0235,2.707480668
BADKIC,5.2968,3.795545142
ROQHOU,2.0481,0.595965209
PIYMUI,3.6946,2.31710581
PILFEV,3.6785,2.807455381
CEFYAO,4.1474,2.425298368
AFOBEE,1.831,1.684767112
ROQJAI,1.5323,0.339296325
VOBKOM,1.644,1.47039564
ROQJIQ,1.5145,0.322155859
QITVUK,2.8929,2.276805715
YUMCOY,1.1759,0.965025372
LAPHEP,2.0315,1.965507208
GIKNIZ,2.0467,1.709992087
DENDIJ,0.8471,0.703986335
DOZCED,3.7336,2.420835697
ILEXAY,3.8974,3.197884663
RUDNOT02,3.6862,2.628349894
ONOBAW,1.9571,0.723322762
NEHHAL,3.8262,2.584811641
DERTOJ,3.6525,2.714337943
XUYRAM,2.0975,0.748259296
RAPBUF,4.2518,2.927512113
WOKMUG01,3.8831,2.83526544
DERTID,3.9406,2.698364847
ASOPEF,4.748,4.497365449
GEQZOR,1.8138,0.343862399
LIWDAY,4.4926,3.042344255
WUKHOB,4.2951,2.994914771
WIDTIM,1.441,1.321358759
LOFVEI,1.9215,1.133110239
ZOLRUN,3.8119,2.478088499
XARHEE,4.1966,2.751862475
NEJTIF01,3.8039,2.730909691
PUTZIP,3.1187,2.031222758
GOJCIR,5.1579,4.402343213
FOZQIU,4.1084,2.920600416
HICRUI,3.9666,3.767514671
VIPSEU,2.5816,1.66632322
FAZJAR,3.9459,2.830122484
ONOBUQ,1.879,1.495729461
BOZLAD,2.1032,1.94614357
KUHWIT,1.2946,0.704639409
YAFNOI,2.4257,2.025644419
HALBAA,3.8633,2.356943311
KOSGAD,3.6234,2.074761011
AFAFAP,4.5124,4.316986468
KOSFOQ,3.6237,2.074026303
KOSFEG,3.6219,2.071740544
VERQUE,3.681,2.159442912
IWIGUR,3.2985,1.315644363
WIPVUM,3.2417,2.810734356
PARNEC,2.5321,2.204749907
ZAQSEP,3.6414,2.083604718
GOHKUJ,0.8464,0.527275452
DOPJIB,3.2647,1.424495437
XIVYOQ,3.0035,1.866484894
VEMFOI,0.9703,0.773348214
RIHVEL,2.3931,1.753040535
AMEPOS,7.5314,6.870556692
HOFVED01,3.6423,3.323873481
HAKPAL,2.241,0.990549672
IFUHAS,3.8017,3.010207582
GURHAE,4.261,2.177266385
DEWLID,3.6504,2.163932795
TBPMTK10,2.0711,1.992201599
WUNWOR,1.5589,1.050169867
ZZZBKS01,2.489,1.850321318
KUGGIC04,3.3937,2.956573897
FAPMUF,4.0144,2.664541067
IHEDIJ,2.3134,1.623704713
ZADNEA,4.2327,2.892246128
CIKSEU,1.0527,1.228361051
UFAYUW,1.3832,1.173628025
HMPYQT,1.5988,1.279861362
UHAKET,1.854,1.065217776
LEJDOV,1.8729,0.9431474
WAHHUI,2.3214,1.489253146
XAWDOP,2.7337,2.071686122
OHPRDC,2.0048,1.86370661
XIFLAZ,2.3583,0.766354882
TAZCAZ,1.8317,1.765666628
KODTIG01,1.3384,0.694816091
PEHYIK,4.061,2.855184191
JECTUG,3.8939,2.531041899
TOHJUV,2.4306,2.239498875
ECADUI,4.7961,3.700397733
CEFYES,3.5107,1.922485972
GAWRIF,4.1413,2.672051415
HURXOH,3.8157,2.857170624
UGINAC,3.6888,2.359473972
BURWAM,3.3468,2.74152214
TADQOE,3.5465,1.909370073
DOPSAC,3.3553,2.545654425
COYGOO,2.2921,0.905622868
MOYGUC01,2.3679,2.179603844
WUSZER,2.9616,1.675569656
JUNBAX,3.9258,2.352126892
QIBGUD,3.6492,2.270846416
KAYZUF01,1.4157,0.142234029
DATMAN,2.0479,1.915076305
DASBAB,2.0458,1.918366165
PELJOG,4.2956,4.082475833
NULGOS,2.0497,0.879445494
XANQIP,1.6307,0.946140655
XARHII01,4.292,2.767291343
LOSBOK,3.8096,2.846231638
BOSECH,4.154,2.961744064
FOHHUF,2.2889,1.264378071
AREGOV,4.0271,2.746093656
AREGIP,3.9996,2.744569818
BTYPOD,1.9334,1.761421648
MPCAZU,0.8888,0.901075842
TAKFAM,2.3067,1.670780448
FAYYAH,2.5476,1.899900503
COSFIZ,2.1184,1.73730962
GIXNUW,3.5113,2.09794513
QIBJIV,3.1737,2.627832877
XEDWOS,4.1308,2.794693231
SURKOF,4.2658,2.974887174
RUYSUZ,4.8432,4.567336864
TABBAZ,3.7986,2.411393339
VAVSAN,3.5075,2.142653474
LOCZAH,2.2039,1.795735234
UTISEW,2.7489,2.295796556
QUVWAI,2.0646,1.767707483
BEWZOV,2.9614,1.924472405
CAZVIJ,2.8055,1.34767219
YOZFOL,2.5924,2.184205294
XOVRIM,2.7787,2.200477716
DOXXUL,1.5338,0.901029582
IGEZUR,3.7985,2.35150103
TEGNUR,2.3845,1.323753363
XOVSOT,2.7882,2.184450196
SOBVAH,2.2147,1.232241398
PIHJOI,2.5522,1.328324879
CUYJOV,1.7518,0.987039401
IJICEL,2.0877,1.641664242
NUSZIM,3.8226,2.54361357
REMGAS,4.9061,3.830060092
VORLUK,3.2984,1.844879036
MUDXOY,1.7388,1.276051765
ZEZZUB,2.4232,0.961079717
UDUBAX,3.6707,2.327636625
CAMGAA,2.8062,1.907593168
XEDWIM,4.1573,2.792380261
SATQAG,3.8071,2.250111324
JITPEH,1.6585,0.619168377
WUPYEM,3.2195,1.725039996
WOQSEA,1.9108,1.284922684
SUYSOW,4.1704,3.106555014
SUVDUJ,4.2587,2.794883711
WATKIL,3.816,2.288914791
HOKGEW,1.71,1.220676549
KUJZOF,3.4154,2.393406598
KAPNIZ,4.0306,3.155244386
UNEXES,2.6701,2.06412135
YOZFUR,2.8587,2.026678453
DIWWEN,2.1884,0.873962395
ZIDCOE,4.3132,3.012574974
COYGEE,4.7618,3.21579249
YOFROB,4.013,2.566498364
YIHCID,2.0518,1.330692272
QOZHIX,3.6146,2.327663836
JECTEQ,3.7547,2.514470152
SODWOX10,3.6945,2.50342232
DOKJUK,2.4821,1.210472271
IJEMIV,2.4085,1.686318162
MENCIS,4.2643,3.182238103
WINRIU,2.5035,1.49403419
CINKOC,3.366,2.352344583
FEHRAM,4.2274,2.976955241
FIFNEN,4.1886,2.789931235
YAHCOZ,3.7991,2.525898943
FENYIG,2.7088,2.441957192
XEDWEI,3.7962,2.5300895
DUKFIB,1.6446,0.591279405
LEJDAH,2.0894,0.746381709
TUQKAS,2.4505,1.42397842
FAVPAT,2.3777,1.70370081
LEJDIP,2.159,0.766463728
TAXMEM,2.4031,1.366488879
RENSUA,2.432,0.746626611
ESUMIQ,1.8704,0.82758055
BUFJET,1.6382,0.539112414
LEJDEL,2.0966,0.800995004
BUCCEK,1.5938,1.487919787
ZOXRIN,5.2135,2.772524097
VARNUZ,3.999,2.669411909
DOKKAR,2.5567,1.33357396
IYUYIL,2.8536,1.701420494
TMAZPZ,1.9149,1.753538503
BUZKOW,1.8004,1.599268868
SURDOX01,2.6324,1.988348464
LAGXAS,1.9888,1.039747898
CANTRQ01,4.3057,3.324499344
DOWRUD,2.9556,2.277594846
VORMUL,2.7715,1.55505033
TCANTQ,4.0097,2.226219707
HONSIO,2.4295,1.181220008
BEJZEV,1.6985,0.834056865
PUWFIZ,2.3489,0.410184763
